City,Cloudiness,Country,Date,Humidity,Lat,Lng,Max Temp,Wind Speed
Klaksvik,92,FO,1548294600,93,62.23,-6.59,37.4,17.22
Saint-Philippe,90,CA,1548296340,86,45.36,-73.48,35.6,19.46
Bosaso,0,SO,1548297104,100,11.28,49.18,73.74,4.16
Along,44,IN,1548297105,50,28.17,94.8,59.4,2.04
Punta Arenas,75,CL,1548295200,51,-53.16,-70.91,59.0,14.99
Vila Franca do Campo,75,PT,1548295200,82,37.72,-25.43,60.8,11.41
Mataura,76,NZ,1548297554,70,-46.19,168.86,55.53,18.25
Saskylakh,36,RU,1548297556,0,71.97,114.09,-34.71,3.38
Bambous Virieux,40,MU,1548295200,94,-20.34,57.76,77.0,4.7
Faanui,44,PF,1548297561,100,-16.48,-151.75,80.73,13.78
Garh Maharaja,92,PK,1548297563,97,30.83,71.9,47.52,6.06
Kavaratti,0,IN,1548297565,100,10.57,72.64,81.57,6.96
Vanimo,76,PG,1548297567,99,-2.67,141.3,83.7,12.44
Jumla,0,NP,1548297569,64,29.28,82.18,9.88,1.92
Tucurui,92,BR,1548297572,100,-3.77,-49.67,73.35,3.6
Torbay,20,CA,1548295200,79,47.66,-52.73,21.2,9.17
Albany,90,US,1548295020,78,42.65,-73.75,44.06,16.11
Bima,64,ID,1548297578,80,-8.45,118.73,83.25,7.18
Ales,0,FR,1548295200,55,44.13,4.08,37.4,19.46
Sioux Lookout,90,CA,1548295380,85,50.1,-91.92,10.4,3.36
San Jose de Rio Tinto,40,HN,1548295200,78,14.93,-85.7,75.2,2.24
Oshnaviyeh,24,IR,1548295200,79,37.04,45.1,21.2,6.93
Anadyr,88,RU,1548295200,76,64.73,177.51,-9.4,15.66
Bumba,8,CD,1548297591,67,2.18,22.47,79.29,6.17
Alanya,0,TR,1548294600,50,36.55,32.0,55.4,9.17
Shu,80,KZ,1548297596,85,43.6,73.76,25.99,6.62
Hithadhoo,0,MV,1548297598,100,-0.6,73.08,82.62,13.22
Anito,92,PH,1548297600,99,12.45,125.29,79.59,18.81
Avarua,40,CK,1548295200,74,-21.21,-159.78,84.2,23.04
Manassas,90,US,1548296580,75,38.75,-77.48,52.52,9.98
Warmbad,56,DE,1548296400,92,50.67,13.08,17.6,1.12
Kapaa,1,US,1548294960,66,22.08,-159.32,80.06,8.05
Victoria,75,BN,1548295200,88,5.28,115.24,78.8,1.12
Busselton,12,AU,1548297613,100,-33.64,115.35,66.24,17.81
Rikitea,92,PF,1548297615,99,-23.12,-134.97,80.22,15.01
Cape Town,0,ZA,1548295200,67,-33.93,18.42,62.6,14.99
Ushuaia,40,AR,1548295200,36,-54.81,-68.31,62.6,25.28
Samarai,76,PG,1548297622,100,-10.62,150.67,81.66,12.21
Hasaki,20,JP,1548295200,26,35.73,140.83,44.6,19.46
Tigil,0,RU,1548297626,76,57.8,158.67,7.41,7.96
Vitim,88,RU,1548297628,68,59.44,112.57,9.34,8.19
Thompson,20,CA,1548295200,74,55.74,-97.86,-22.0,9.17
Cabo San Lucas,5,MX,1548294600,59,22.89,-109.91,66.2,4.72
Yellowknife,5,CA,1548295200,73,62.45,-114.38,-31.0,6.93
Port Elizabeth,90,US,1548294960,79,39.31,-74.98,54.32,8.05
Khash,0,IR,1548297643,64,28.22,61.21,19.69,2.71
Saint-Paul,90,FR,1548295200,79,45.22,1.9,28.4,9.17
Butaritari,8,KI,1548297650,100,3.07,172.79,83.7,12.66
Port Lincoln,0,AU,1548297652,39,-34.72,135.86,98.1,19.04
Saldanha,76,PT,1548297657,88,41.42,-6.55,46.29,7.52
Hobart,75,AU,1548295200,43,-42.88,147.33,71.6,11.41
Atuona,68,PF,1548297661,100,-9.8,-139.03,80.19,17.58
Chakulia,0,IN,1548297663,66,22.48,86.72,65.64,8.97
Daru,76,SL,1548297665,72,7.99,-10.85,78.51,8.75
Powell River,75,CA,1548295200,100,49.84,-124.52,44.6,3.83
Graaff-Reinet,20,ZA,1548297670,94,-32.25,24.53,49.41,3.38
Giyon,8,ET,1548297672,52,8.53,37.98,50.97,5.61
Berlevag,88,NO,1548297674,100,70.86,29.09,28.42,13.89
Tual,92,ID,1548297676,100,-5.67,132.75,81.54,13.78
Lavrentiya,92,RU,1548297679,97,65.58,-170.99,12.27,33.8
Pevek,36,RU,1548297681,87,69.7,170.27,-9.78,13.44
Dapaong,0,TG,1548297683,38,10.86,0.2,62.01,5.17
Upernavik,24,GL,1548297685,100,72.79,-56.15,-2.36,11.99
East London,88,ZA,1548297687,100,-33.02,27.91,66.78,17.47
Arraial do Cabo,0,BR,1548297690,88,-22.97,-42.02,78.12,18.37
Aitape,48,PG,1548297692,85,-3.15,142.36,84.87,7.96
Souillac,0,FR,1548295200,80,45.6,-0.6,35.6,5.82
Castro,0,CL,1548295200,87,-42.48,-73.76,48.2,2.15
Mahon,75,IE,1548297000,100,51.89,-8.4,48.2,11.41
Qaanaaq,12,GL,1548297701,100,77.48,-69.36,-21.17,9.19
Simao,0,CN,1548297703,52,22.76,100.79,62.94,2.37
New Norfolk,75,AU,1548295200,43,-42.78,147.06,71.6,11.41
Carnarvon,0,ZA,1548297709,59,-30.97,22.13,56.25,13.56
Novyy Svit,92,UA,1548297712,96,47.81,38.02,37.53,11.77
Koygorodok,76,RU,1548297714,70,60.44,51.01,1.47,7.18
Mount Gambier,0,AU,1548295620,11,-37.83,140.78,104.0,20.8
Opuwo,0,NA,1548297718,53,-18.06,13.84,63.9,2.37
Bethel,90,US,1548297360,100,60.79,-161.76,33.08,25.28
Cherskiy,48,RU,1548297723,82,68.75,161.3,-18.56,1.92
Mandera,0,ET,1548297725,56,3.94,41.86,65.43,3.6
Fortuna,40,ES,1548295200,42,38.18,-1.13,62.6,6.93
Muros,90,ES,1548295200,100,42.77,-9.06,53.6,8.05
Greece,75,US,1548296100,79,43.21,-77.69,46.04,20.8
Provideniya,90,RU,1548295200,92,64.42,-173.23,17.6,29.08
Langsa,20,ID,1548297739,84,4.47,97.97,79.38,2.15
West Wendover,90,US,1548294960,72,40.74,-114.07,32.0,4.16
Isangel,44,VU,1548297743,100,-19.55,169.27,79.86,14.12
Dikson,64,RU,1548297745,100,73.51,80.55,1.51,3.04
Buala,56,SB,1548297747,94,-8.15,159.59,84.51,6.06
George,0,NG,1548295200,94,6.63,3.35,82.4,5.73
Swan Hill,0,AU,1548297752,31,-35.34,143.56,102.81,10.98
Bay City,20,US,1548297360,77,43.59,-83.89,31.1,13.87
Aykhal,48,RU,1548297758,40,65.95,111.51,-27.29,2.71
Georgetown,0,GY,1548295200,88,6.8,-58.16,75.2,6.93
Geraldton,90,CA,1548295200,78,49.72,-86.95,10.4,2.24
Nanortalik,0,GL,1548297765,100,60.14,-45.24,25.27,12.44
Flinders,75,AU,1548295200,64,-34.58,150.85,75.2,6.93
Hermanus,32,ZA,1548297770,93,-34.42,19.24,53.91,4.38
Sawtell,75,AU,1548295200,74,-30.38,153.1,87.8,12.75
Freeport,88,BS,1548297623,96,26.54,-78.7,76.5,25.19
Mehamn,48,NO,1548297780,89,71.03,27.85,24.73,10.54
Imbituba,40,BR,1548295200,83,-28.24,-48.67,82.4,6.93
Hilo,1,US,1548294780,66,19.71,-155.08,78.98,11.41
Dwarka,40,IN,1548295200,100,28.58,77.04,51.8,3.36
Whitehorse,20,CA,1548295200,85,60.72,-135.06,17.6,20.8
Ferme-Neuve,92,CA,1548297736,91,46.7,-75.45,30.81,10.2
Naze,20,NG,1548295200,100,5.43,7.07,73.4,3.94
Tiksi,36,RU,1548297797,0,71.64,128.87,-33.95,10.76
Aquiraz,20,BR,1548295200,88,-3.9,-38.39,78.8,4.7
Port-Gentil,64,GA,1548297802,100,-0.72,8.78,79.86,8.63
Araouane,0,ML,1548297804,62,18.9,-3.53,36.21,3.27
Labuhan,8,ID,1548297806,77,-2.54,115.51,84.09,3.38
Ilulissat,44,GL,1548294600,54,69.22,-51.1,1.4,1.12
Sinnamary,80,GF,1548297811,95,5.38,-52.96,78.66,12.21
Jamestown,0,AU,1548297514,52,-33.21,138.6,96.96,9.31
Bluff,0,AU,1548297817,38,-23.58,149.07,93.96,9.75
Timbuktu,12,ML,1548297819,50,16.77,-3.01,48.87,6.96
Severo-Kurilsk,76,RU,1548297822,100,50.68,156.12,29.95,8.63
Piacabucu,20,BR,1548297824,93,-10.41,-36.43,73.35,6.62
Chincha Alta,0,PE,1548295200,88,-13.42,-76.13,73.4,13.87
Leningradskiy,68,RU,1548297828,76,69.38,178.42,-3.08,18.37
Saint George,75,GR,1548294600,100,39.45,22.34,42.8,4.16
Champerico,40,MX,1548294540,69,16.38,-93.6,75.2,16.11
Roros,68,NO,1548296400,91,62.57,11.38,-5.8,2.48
San Jeronimito,5,MX,1548294120,58,17.55,-101.33,82.4,5.82
Puerto Ayora,88,EC,1548297839,100,-0.74,-90.35,78.42,5.28
Ponta do Sol,8,BR,1548297841,92,-20.63,-46.0,66.42,1.81
Vestmannaeyjar,88,IS,1548297844,100,63.44,-20.27,29.59,7.4
Tessalit,0,ML,1548297846,44,20.2,1.01,35.67,4.27
Saint-Augustin,0,FR,1548295200,74,44.83,-0.61,39.2,6.93
San Patricio,88,PY,1548297850,93,-26.98,-56.83,77.04,5.17
Shenxian,0,CN,1548297852,38,36.24,115.67,44.49,9.64
Hamilton,75,BM,1548294900,54,32.3,-64.78,59.0,6.93
Vaini,24,IN,1548295200,77,15.34,74.49,59.0,2.37
Beni Suef,64,EG,1548297863,46,29.07,31.1,58.41,17.36
Lebu,0,ET,1548295200,70,8.96,38.73,51.8,3.36
Sabang,92,PH,1548297868,100,13.72,123.58,75.27,14.67
San Cristobal,40,EC,1548295200,67,-0.39,-78.55,60.8,6.93
Pisco,0,PE,1548295200,88,-13.71,-76.2,73.4,13.87
Noumea,40,NC,1548297000,43,-22.28,166.46,89.6,13.87
Saint-Cesaire,90,CA,1548297300,89,45.42,-73.0,36.5,12.75
Srednekolymsk,36,RU,1548297881,34,67.46,153.71,-23.01,2.93
Katherine,40,AU,1548295200,70,-14.47,132.26,87.8,8.05
Alofi,40,NU,1548295200,70,-19.06,-169.92,84.2,9.17
Curvelo,12,BR,1548297890,47,-18.76,-44.43,76.95,8.19
Constitucion,5,MX,1548294120,17,23.99,-104.67,53.6,4.7
Richards Bay,92,ZA,1548297894,100,-28.77,32.06,71.01,5.5
Beloha,20,MG,1548297896,89,-25.17,45.06,75.36,10.42
Ust-Donetskiy,92,RU,1548297898,92,47.64,40.87,30.13,17.02
Chuy,92,UY,1548297901,89,-33.69,-53.46,71.1,16.24
Kjopsvik,20,NO,1548296400,52,68.1,16.37,19.4,31.09
Salalah,0,OM,1548294600,63,17.01,54.1,64.4,4.7
Okhotsk,0,RU,1548297907,98,59.36,143.24,6.19,4.38
Puerto Carreno,0,CO,1548295200,55,6.19,-67.49,86.0,5.82
Meulaboh,8,ID,1548297912,100,4.14,96.13,81.63,3.49
Bredasdorp,92,ZA,1548295200,76,-34.53,20.04,55.4,5.82
Port Alfred,12,ZA,1548297918,96,-33.59,26.89,66.33,13.44
Mangrol,0,IN,1548297920,87,25.33,76.51,51.69,3.15
Tuktoyaktuk,5,CA,1548295200,75,69.44,-133.03,-16.6,17.22
Mar del Plata,0,AR,1548297925,32,-46.43,-67.52,72.18,17.92
Faya,0,SA,1548295200,76,18.39,42.45,55.4,4.7
Katsuura,75,JP,1548295200,74,33.93,134.5,44.6,12.75
Barrow,0,AR,1548297931,49,-38.31,-60.23,63.0,12.44
Arroio Grande,68,BR,1548297934,96,-32.24,-53.09,72.21,13.22
Forio,0,IT,1548296400,81,40.73,13.86,42.8,6.93
Los Llanos de Aridane,75,ES,1548295200,63,28.66,-17.92,60.8,6.93
Nikolskoye,75,RU,1548295200,92,59.7,30.79,23.0,8.95
Luderitz,0,NA,1548297942,72,-26.65,15.16,61.56,24.07
Padang,20,ID,1548295200,79,-0.92,100.36,84.2,3.36
Great Falls,90,US,1548296880,100,47.5,-111.29,14.0,13.87
Tasiilaq,88,GL,1548294600,74,65.61,-37.64,28.4,19.46
Kingsport,90,US,1548296100,100,36.55,-82.56,57.2,8.05
Sorland,40,NO,1548294600,53,67.67,12.69,24.8,14.99
Roald,92,NO,1548296400,69,62.58,6.12,33.8,12.75
Coquimbo,0,CL,1548295200,87,-29.95,-71.34,60.8,5.82
Cap Malheureux,40,MU,1548295200,94,-19.98,57.61,77.0,4.7
Kavieng,68,PG,1548297968,100,-2.57,150.8,81.27,6.96
Longyearbyen,20,NO,1548294600,84,78.22,15.63,6.8,3.36
Beyneu,0,KZ,1548297973,58,45.32,55.19,-1.01,3.27
Keti Bandar,0,PK,1548297975,100,24.14,67.45,62.82,17.02
Pangnirtung,24,CA,1548297977,39,66.15,-65.72,-25.98,0.81
College,75,US,1548295080,89,64.86,-147.8,24.08,8.19
Okato,0,NZ,1548297984,81,-39.19,173.88,69.12,9.64
Guerrero Negro,0,MX,1548297986,48,27.97,-114.04,57.6,8.86
Babstovo,0,RU,1548297988,72,48.12,132.48,6.55,3.27
Aqtobe,40,KZ,1548297000,82,50.28,57.21,-16.6,2.24
Ust-Ishim,88,RU,1548297993,86,57.69,71.17,15.37,2.93
Tevaitoa,92,PF,1548297995,99,-16.78,-151.5,83.25,18.25
Shakawe,0,BW,1548297997,58,-18.36,21.84,69.06,2.93
Mayumba,88,GA,1548297999,100,-3.44,10.65,79.11,4.16
Mayor Pablo Lagerenza,0,PY,1548298001,50,-19.93,-60.77,89.55,9.87
Narrabri,0,AU,1548295200,28,-30.33,149.78,96.8,3.36
Norden,36,DE,1548296700,85,53.59,7.21,23.0,5.82
Bonthe,24,SL,1548298008,92,7.53,-12.5,78.06,4.94
Oakland,40,US,1548296100,71,37.8,-122.27,57.92,3.6
Lexington,90,US,1548297300,100,38.05,-84.5,50.0,11.43
Chokurdakh,32,RU,1548298015,0,70.62,147.9,-33.59,3.38
Marystown,24,CA,1548298017,100,47.17,-55.16,23.97,8.41
Koroni,56,GR,1548296400,93,36.8,21.96,44.6,4.7
Teguise,75,ES,1548295200,67,29.06,-13.56,62.6,13.87
Cayenne,0,GF,1548297000,74,4.94,-52.33,78.8,5.82
Mount Isa,0,AU,1548295200,21,-20.73,139.49,102.2,11.41
Dandong,0,CN,1548298028,21,40.12,124.37,29.5,4.94
Ushtobe,48,KZ,1548298030,62,45.25,77.98,11.19,5.39
Shieli,12,KZ,1548298033,63,44.18,66.74,16.09,6.29
Bambanglipuro,76,ID,1548298037,90,-7.95,110.28,81.09,4.61
Marawi,80,PH,1548298039,91,8.0,124.29,75.27,1.48
Mao,40,DO,1548295200,100,19.55,-71.08,73.4,8.05
Novaya Igirma,20,RU,1548298043,68,57.14,103.93,6.96,3.94
Miraflores,20,CO,1548298046,100,5.2,-73.14,46.17,1.59
Piney Green,40,US,1548297180,86,35.09,-78.48,62.06,4.7
Diffa,0,NE,1548298050,37,13.32,12.61,70.2,10.42
Bathsheba,40,BB,1548295200,78,13.22,-59.52,75.2,17.22
La Ronge,5,CA,1548295200,68,55.1,-105.3,-14.8,12.75
Tautira,40,PF,1548297000,58,-17.73,-149.15,87.8,8.05
Bilma,0,NE,1548298061,42,18.69,12.92,48.09,4.61
Beisfjord,0,NO,1548296400,52,68.38,17.6,19.4,31.09
Lasa,0,CY,1548295200,54,34.92,32.53,57.2,16.11
Vila Velha,20,BR,1548295200,88,-3.71,-38.6,78.8,4.7
Ostrovnoy,76,RU,1548298074,86,68.05,39.51,16.32,8.97
Norrtalje,90,SE,1548296400,92,59.76,18.7,17.6,3.36
Yandyki,80,RU,1548298079,87,45.77,47.13,20.77,18.25
Puerto Leguizamo,56,CO,1548298081,98,-0.19,-74.78,73.35,2.37
Yuanli,20,TW,1548297000,55,24.44,120.65,66.2,14.99
Talnakh,56,RU,1548298086,72,69.49,88.39,-6.09,3.15
Kodiak,1,US,1548297300,88,39.95,-94.76,19.4,9.17
Okha,64,RU,1548298090,91,53.59,142.95,27.12,10.76
De-Kastri,76,RU,1548298092,99,51.48,140.77,14.79,14.45
Kruisfontein,0,ZA,1548298094,91,-34.0,24.73,61.77,11.21
Yatou,75,CM,1548295200,94,3.63,9.81,78.8,2.24
Hambantota,5,LK,1548295800,100,6.12,81.12,73.4,2.24
Airai,68,TL,1548298101,88,-8.93,125.41,75.09,3.6
Biak,76,ID,1548298103,84,-0.91,122.88,84.87,2.71
Coihaique,0,CL,1548295200,58,-45.58,-72.07,55.4,6.93
Camamu,92,BR,1548298110,89,-13.94,-39.11,79.02,6.06
Touros,40,BR,1548295200,83,-5.2,-35.46,80.6,6.93
Ashqelon,0,IL,1548296400,66,31.67,34.57,59.0,2.24
Kalaleh,0,IR,1548295200,86,37.38,55.49,33.8,4.7
Sitka,8,US,1548298118,74,37.17,-99.65,24.73,3.15
Kankaanpaa,88,FI,1548296400,92,61.8,22.42,23.0,5.82
Potiskum,0,NG,1548298123,48,11.71,11.08,63.0,6.17
Valley City,75,US,1548297300,85,46.92,-98.0,19.94,27.52
Acapulco,40,MX,1548294360,74,16.86,-99.88,80.6,3.36
Clyde River,1,CA,1548295200,73,70.47,-68.59,-32.8,4.7
Itarema,48,BR,1548298131,92,-2.92,-39.92,76.44,7.96
Ouargaye,0,BF,1548298136,31,11.5,0.06,62.46,6.62
Vardo,90,US,1548296400,79,39.62,-77.74,48.02,8.05
Tofield,20,CA,1548295200,76,53.37,-112.67,-4.0,6.93
Umm Kaddadah,0,SD,1548298142,40,13.6,26.69,55.11,6.62
Seoul,1,KR,1548297000,37,37.57,126.98,37.4,2.24
Alta Floresta,12,BR,1548298149,88,-9.87,-56.08,76.26,4.05
Horta,0,ES,1548295200,74,41.43,2.16,39.2,3.36
Narsaq,0,GL,1548298153,46,60.91,-46.05,-8.93,4.61
Kudahuvadhoo,12,MV,1548298155,100,2.67,72.89,80.37,9.31
Ust-Kuyga,68,RU,1548298157,0,70.0,135.55,-40.16,3.6
Kholodnyy,68,RU,1548298164,63,62.72,147.95,-5.51,3.71
Kamloops,20,CA,1548295200,74,50.68,-120.34,33.8,4.7
Grand Gaube,40,MU,1548295200,94,-20.01,57.66,77.0,4.7
Weligama,32,LK,1548298175,96,5.97,80.42,78.84,1.92
Urengoy,88,RU,1548298177,65,65.96,78.37,0.12,7.52
Iqaluit,40,CA,1548295200,74,63.75,-68.52,-23.8,3.36
Palmer,0,AU,1548297000,8,-34.85,139.16,113.0,13.87
Pedernales,88,EC,1548298184,98,0.07,-80.05,73.56,3.6
Gazimurskiy Zavod,8,RU,1548298186,53,51.55,118.33,5.83,6.73
Hofn,12,IS,1548298188,100,64.25,-15.21,30.81,8.3
Makakilo City,1,US,1548295020,62,21.35,-158.09,80.96,10.29
Khatanga,44,RU,1548298195,0,71.98,102.47,-33.99,3.38
Peleduy,88,RU,1548298197,68,59.63,112.75,9.34,8.19
Masallatah,0,LY,1548298199,51,32.62,14.0,49.77,23.51
Namibe,68,AO,1548298201,100,-15.19,12.15,74.82,4.27
Nassjo,24,SE,1548296400,92,57.65,14.7,17.6,3.36
Severo-Yeniseyskiy,80,RU,1548298206,77,60.37,93.04,10.87,2.48
Woodward,1,US,1548296100,37,36.43,-99.39,33.8,2.93
Morondava,100,MG,1548298210,100,-20.3,44.28,76.23,15.46
Avera,90,US,1548297300,73,33.19,-82.53,68.0,14.99
Viedma,0,AR,1548298214,50,-40.81,-62.99,72.27,15.68
Vao,92,EE,1548298217,94,59.1,26.19,23.61,2.37
Gat,80,SN,1548297000,52,14.69,-16.54,66.2,12.75
Lwowek Slaski,56,PL,1548298221,89,51.11,15.59,13.48,8.41
Akdepe,75,TM,1548297000,92,42.05,59.39,30.2,4.7
Jian,92,IN,1548298225,93,25.65,87.89,60.96,6.85
Codrington,40,AU,1548295200,55,-28.95,153.24,87.8,3.36
Krasnyy Chikoy,32,RU,1548298232,69,50.36,108.75,9.61,3.15
Tortoli,40,IT,1548294900,56,39.93,9.66,42.8,13.87
Yining,0,CN,1548298237,61,29.04,114.56,51.03,3.6
Straumen,0,NO,1548296400,78,63.87,11.3,15.8,13.87
Filadelfia,0,PY,1548298241,40,-22.35,-60.04,90.0,8.97
Patrocinio,92,PH,1548298243,100,13.72,123.64,75.27,14.67
Salinopolis,80,BR,1548298245,100,-0.61,-47.36,78.24,9.75
Natal,40,BR,1548295200,74,-5.81,-35.21,82.4,10.29
Neiafu,68,TO,1548298252,100,-18.65,-173.98,80.67,9.08
Thinadhoo,0,MV,1548298254,100,0.53,72.93,81.39,9.98
Poso,92,ID,1548298256,100,-1.4,120.75,80.67,3.15
Bandarbeyla,56,SO,1548298259,100,9.49,50.81,75.33,14.0
Aizpute,48,LV,1548296400,92,56.72,21.61,15.8,2.24
Porto Novo,40,BR,1548295200,73,-23.68,-45.44,73.4,5.82
Chaibasa,56,IN,1548295200,82,22.55,85.81,59.0,4.16
Killybegs,92,IE,1548298270,100,54.63,-8.45,45.72,8.19
Galveston,90,US,1548297540,100,40.58,-86.19,30.2,13.87
Uglekamensk,0,RU,1548298276,54,43.22,133.23,14.52,6.62
Aswan,0,EG,1548297989,86,24.09,32.9,46.08,2.71
Rock Sound,68,BS,1548298280,100,24.9,-76.2,76.77,27.09
Karachi,0,PK,1548296700,76,24.87,67.03,51.8,5.82
Abu Samrah,0,SY,1548298285,87,35.3,37.18,32.79,5.17
Tilichiki,0,RU,1548298287,72,60.47,166.1,6.1,16.02
Esperance,20,TT,1548295200,83,10.24,-61.45,75.2,3.36
Wahiawa,20,US,1548295020,69,21.5,-158.02,80.96,2.15
Havre-Saint-Pierre,90,CA,1548295200,85,50.23,-63.6,14.0,10.29
Shamary,44,RU,1548298296,66,57.34,58.22,-0.69,8.63
Nouakchott,0,MR,1548297000,59,18.08,-15.98,60.8,10.29
Fairbanks,75,US,1548295080,89,64.84,-147.72,10.94,8.19
Dunedin,36,NZ,1548298233,68,-45.87,170.5,56.61,13.78
Churapcha,24,RU,1548298307,33,62.0,132.43,-22.7,3.27
Huescar,44,ES,1548298309,82,37.81,-2.54,42.42,14.23
Manavalakurichi,20,IN,1548295200,73,8.13,77.3,77.0,3.38
Sakaiminato,75,JP,1548295200,42,35.55,133.23,44.6,4.7
Sao Jose da Coroa Grande,76,BR,1548298315,100,-8.9,-35.15,74.25,3.71
Maldonado,40,UY,1548295200,77,-34.91,-54.96,69.8,8.05
Nishihara,20,JP,1548297000,26,35.74,139.53,48.2,23.04
Havoysund,80,NO,1548296400,92,71.0,24.66,19.4,6.93
Solnechnyy,80,RU,1548298324,77,50.72,136.64,4.89,3.49
Luanda,75,AO,1548295200,74,-8.83,13.24,80.6,4.7
Praia,0,BR,1548295200,53,-20.25,-43.81,75.2,8.05
Abu Dhabi,0,AE,1548295200,87,24.47,54.37,60.8,2.24
Emborion,88,GR,1548298333,100,40.48,21.55,35.04,1.7
Sistranda,40,NO,1548294600,73,63.73,8.83,23.0,21.92
Kokoda,64,PG,1548298339,97,-8.88,147.74,71.28,1.92
Presidencia Roque Saenz Pena,8,AR,1548298342,68,-26.79,-60.44,83.91,19.26
Kabanjahe,40,ID,1548297000,83,3.1,98.49,82.4,3.36
Ancud,0,CL,1548295200,87,-41.87,-73.83,48.2,3.6
Cockburn Town,68,TC,1548298350,100,21.46,-71.14,77.22,28.77
Rio Gallegos,20,AR,1548295200,29,-51.62,-69.22,66.2,31.09
Maceio,40,BR,1548295200,88,-9.67,-35.74,73.4,3.36
Bonavista,0,CA,1548298359,100,48.65,-53.11,22.03,15.01
Namatanai,56,PG,1548298361,97,-3.66,152.44,84.6,11.21
Seguin,1,US,1548297300,54,29.57,-97.96,46.04,2.82
Tuatapere,80,NZ,1548298366,99,-46.13,167.69,54.09,17.14
Limaong,75,PH,1548295200,70,7.36,122.37,86.0,4.7
Sanmenxia,20,CN,1548298370,56,34.77,111.19,37.92,3.38
Rameswaram,0,IN,1548298372,100,9.28,79.3,78.03,12.1
Saint-Joseph,0,FR,1548297000,93,43.56,6.97,42.8,1.12
Nhulunbuy,75,AU,1548297000,70,-12.18,136.78,87.8,6.93
Kysyl-Syr,48,RU,1548298379,50,63.9,122.77,-30.26,2.93
Rawson,0,AR,1548298381,27,-43.3,-65.11,76.41,19.26
Ipanema,0,BR,1548295200,78,-30.14,-51.22,78.8,9.17
Ewa Beach,1,US,1548295020,62,21.32,-158.01,80.96,10.29
Wakkanai,75,JP,1548295200,73,45.41,141.67,24.8,23.04
Nanakuli,20,US,1548295020,69,21.39,-158.15,80.96,5.73
Pandan,92,PH,1548298397,100,11.72,122.09,77.76,18.7
Puerto Escondido,20,MX,1548294300,69,15.86,-97.07,80.6,2.37
Tiassale,8,CI,1548298401,85,5.9,-4.83,75.99,6.06
Sao Joao da Barra,0,BR,1548298249,96,-21.64,-41.05,80.04,21.5
Forbes,0,AU,1548298274,63,-33.38,148.01,90.39,4.94
Rio Grande,40,BR,1548295200,88,-32.03,-52.1,77.0,6.93
Ende,92,ID,1548298412,100,-8.84,121.65,81.9,25.75
Balkanabat,48,TM,1548298414,96,39.51,54.36,32.04,4.05
Coxim,32,BR,1548298416,68,-18.5,-54.75,82.74,2.82
Yulara,0,AU,1548295200,16,-25.24,130.99,105.8,8.05
Carutapera,80,BR,1548298421,89,-1.2,-46.02,78.93,6.62
Zhigalovo,0,RU,1548298423,54,54.81,105.15,-1.1,2.15
Athabasca,0,CA,1548298425,58,54.72,-113.29,-7.53,2.93
Yeppoon,40,AU,1548297000,45,-23.13,150.74,87.8,10.29
Ribeira Grande,0,PT,1548298430,95,38.52,-28.7,62.82,23.51
Kirensk,20,RU,1548298432,67,57.78,108.12,11.86,6.17
Bontang,88,ID,1548298434,100,0.12,117.47,81.39,4.61
Mahebourg,40,MU,1548295200,94,-20.41,57.7,77.0,4.7
Pundaguitan,92,PH,1548298438,100,6.37,126.17,76.44,1.48
Viransehir,88,TR,1548298441,95,37.24,39.76,40.41,8.41
Esterhazy,36,CA,1548298443,69,50.65,-102.08,0.66,17.47
Sape,8,NG,1548295200,60,8.9,7.51,69.8,5.82
Lokhvytsya,92,UA,1548298449,90,50.37,33.26,21.4,7.74
Coro,32,VE,1548298451,81,11.41,-69.67,76.62,12.44
Manama,12,AE,1548295980,82,25.33,56.02,64.4,5.82
Muroto,40,JP,1548295200,37,33.37,134.14,51.8,17.22
Jining,0,CN,1548298458,36,35.41,116.58,45.18,10.42
Sao Lourenco do Sul,40,BR,1548295200,88,-31.37,-51.98,77.0,6.93
Kattivakkam,0,IN,1548297000,94,13.22,80.32,73.4,5.17
Lata,0,IN,1548298465,80,30.78,78.62,21.27,1.81
Sundargarh,20,IN,1548298175,82,22.12,84.04,62.46,7.96
Pringsewu,44,ID,1548298471,76,-5.36,104.98,83.7,3.49
Sale,90,GB,1548296400,94,53.42,-2.32,37.4,3.36
Kaitangata,56,NZ,1548298475,75,-46.28,169.85,54.09,20.71
Tateyama,75,JP,1548296400,100,36.66,137.31,33.8,2.24
Guiratinga,12,BR,1548298480,98,-16.35,-53.76,69.3,3.38
Porterville,1,US,1548297300,75,36.07,-119.02,50.0,2.04
Katangli,88,RU,1548298484,100,51.71,143.23,17.44,13.44
Mezen,76,RU,1548298487,73,65.85,44.24,0.52,4.16
Yerbogachen,88,RU,1548298489,81,61.28,108.01,9.66,7.29
Coloso,8,CO,1548298491,74,9.49,-75.36,81.21,3.71
Majene,20,ID,1548298493,94,-3.54,118.97,84.27,14.67
Wiset Chai Chan,0,TH,1548298495,46,14.6,100.36,84.33,3.6
Aberdeen,90,US,1548296400,80,45.47,-98.49,24.98,18.34
Atambua,100,ID,1548298500,100,-9.11,124.89,76.59,12.77
Takoradi,36,GH,1548298504,100,4.89,-1.75,81.18,8.3
Marabba,0,SD,1548298506,54,12.35,32.18,64.08,5.61
Chapais,90,CA,1548297420,85,49.78,-74.86,12.2,6.93
Puerto Ayacucho,0,CO,1548295200,55,5.66,-67.63,86.0,5.82
Brokopondo,0,SR,1548295200,94,5.06,-54.98,73.4,3.36
Garowe,0,SO,1548298515,95,8.41,48.48,56.01,5.61
Kenai,90,US,1548294960,81,60.55,-151.26,39.02,8.3
Tezu,0,IN,1548298519,48,27.93,96.16,59.31,0.58
Hervey Bay,75,AU,1548295200,45,-25.3,152.85,87.8,10.29
Nemuro,75,JP,1548295200,73,43.32,145.57,26.6,3.36
Alice Town,92,BS,1548298526,98,25.72,-79.3,75.09,24.18
Udachnyy,44,RU,1548298530,45,66.42,112.4,-29.18,2.48
Lorengau,36,PG,1548298533,100,-2.02,147.27,81.84,6.06
Mattru,32,SL,1548298535,88,7.62,-11.83,76.68,4.61
Half Moon Bay,40,US,1548294960,48,37.46,-122.43,57.92,6.93
Payo,88,ID,1548298539,95,-3.75,103.64,77.58,7.4
Zverinogolovskoye,0,RU,1548298541,70,54.46,64.85,-5.42,8.86
Ahipara,68,NZ,1548298544,94,-35.17,173.16,68.97,9.87
Dingle,68,PH,1548298546,84,11.0,122.67,79.47,12.55
Great Bend,1,US,1548294960,88,38.36,-98.78,28.94,9.17
Dumai,36,ID,1548298550,60,1.68,101.45,86.85,7.63
Ypsonas,0,CY,1548297000,51,34.69,32.96,59.0,18.34
Songjianghe,20,CN,1548298555,65,42.18,127.48,11.59,3.71
Ponnani,0,IN,1548297000,83,10.77,75.93,73.4,4.7
Ettlingen,80,DE,1548296400,86,48.94,8.4,28.4,4.7
Maningrida,88,AU,1548298562,100,-12.05,134.23,81.39,6.62
Ko Samui,20,TH,1548297000,79,9.54,99.94,84.2,8.05
Stephenville,1,US,1548297300,49,32.22,-98.2,42.44,3.36
Tambovka,92,UA,1548298570,96,46.93,35.45,39.24,9.19
Port Blair,0,IN,1548298573,97,11.67,92.75,83.25,12.89
Khani,40,GE,1548297000,52,41.96,42.96,46.4,26.4
Ziro,0,IN,1548298577,67,27.54,93.82,50.16,1.81
Ulladulla,75,AU,1548295200,64,-35.36,150.48,75.2,6.93
Quchan,0,IR,1548298581,70,37.11,58.51,5.56,1.81
Brae,20,GB,1548296400,100,60.4,-1.35,33.8,6.93
Plakhtiyivka,92,UA,1548298586,97,46.1,29.72,36.39,6.4
Ust-Tsilma,64,RU,1548298588,68,65.44,52.15,-4.83,5.17
Kropotkin,12,RU,1548298590,84,45.43,40.58,28.24,9.53
Ahuimanu,1,US,1548295020,74,21.44,-157.84,80.96,10.29
Beaverton,90,US,1548297000,85,45.49,-122.8,53.06,3.94
Jalu,0,LY,1548298597,39,29.03,21.55,45.57,12.66
Broome,0,GB,1548296400,100,52.47,1.45,26.6,3.36
Huarmey,80,PE,1548298601,85,-10.07,-78.15,68.22,3.04
Baghdad,0,IQ,1548295200,81,33.3,44.38,42.8,4.7
Kailua,1,US,1548295020,74,21.39,-157.74,80.96,10.29
Ofaqim,56,IL,1548298381,86,31.31,34.62,41.58,4.83
Necochea,0,AR,1548298610,75,-38.55,-58.74,56.61,10.98
Turukhansk,68,RU,1548298612,81,65.8,87.96,3.99,5.95
Talcahuano,0,CL,1548295200,63,-36.72,-73.12,60.8,10.29
Camacha,75,PT,1548295200,67,33.08,-16.33,59.0,9.17
Norman Wells,40,CA,1548295200,75,65.28,-126.83,-20.2,8.05
Nelson Bay,40,AU,1548297000,62,-32.72,152.14,84.2,11.41
Ambovombe,36,MG,1548298625,93,-25.18,46.09,76.44,7.74
Taoudenni,0,ML,1548298628,55,22.68,-3.98,36.27,3.6
Rocha,8,UY,1548298630,80,-34.48,-54.34,66.72,10.2
Leicester,20,GB,1548296400,77,52.64,-1.13,33.8,5.82
Jutai,80,BR,1548298634,98,-1.71,-47.89,74.16,2.71
Banda Aceh,32,ID,1548298636,78,5.56,95.32,82.56,6.4
Opoczno,64,PL,1548298639,81,51.38,20.29,16.45,10.65
Port Hueneme,20,US,1548295020,74,34.15,-119.2,62.96,3.49
Moanda,36,CD,1548298643,98,-5.93,12.38,75.96,3.04
Ulety,0,RU,1548298645,44,51.36,112.48,9.34,4.38
Maralal,0,KE,1548298647,88,1.1,36.7,46.44,2.59
Jatai,80,IN,1548298650,90,28.97,76.18,48.51,2.93
Sterling,90,US,1548297300,87,39.0,-77.4,48.92,4.7
Tara,20,JP,1548295200,71,33.0,130.15,50.0,2.24
Kazachinskoye,8,RU,1548298656,54,57.69,93.28,7.32,2.26
Alto Araguaia,32,BR,1548298658,69,-17.32,-53.22,77.52,3.04
Lompoc,1,US,1548297300,66,34.64,-120.46,60.08,8.08
Masvingo,0,ZW,1548298663,77,-20.08,30.83,50.07,2.82
Basco,1,US,1548297300,92,40.33,-91.2,17.96,5.82
Staryy Nadym,56,RU,1548298667,77,65.61,72.68,-11.72,3.04
Quelimane,88,MZ,1548298669,95,-17.88,36.89,74.19,6.85
Agadez,0,NE,1548298672,55,16.97,7.99,47.88,6.4
Castro Valley,1,US,1548296100,45,37.69,-122.09,57.92,3.36
Kastamonu,80,TR,1548298676,82,41.38,33.78,27.39,5.73
Tupik,0,RU,1548298678,58,54.43,119.94,-3.21,4.94
Manjacaze,92,MZ,1548298680,96,-24.71,33.88,76.23,13.22
Wladyslawowo,0,PL,1548297000,85,54.79,18.4,14.0,2.24
Akom,8,GH,1548298685,66,6.86,-1.64,75.42,3.6
Rathdrum,75,IE,1548297000,93,52.93,-6.23,41.0,8.05
Kusu,20,JP,1548295200,44,33.28,131.15,51.8,3.36
Mezocsat,12,HU,1548298693,86,47.82,20.92,21.27,9.08
Russell,20,AR,1548295200,66,-33.01,-68.8,84.2,4.7
Mabasa,48,PH,1548298698,73,16.32,121.12,71.82,3.38
Mariental,76,DE,1548298700,84,52.28,10.99,18.25,6.96
Prince Rupert,90,CA,1548297000,93,54.32,-130.32,41.0,5.82
Harrisonville,1,US,1548297300,85,38.65,-94.35,24.8,3.36
Tommot,64,RU,1548298707,63,58.97,126.27,-8.79,3.49
Sao Filipe,0,CV,1548298709,98,14.9,-24.5,70.83,15.01
Tiznit,0,MA,1548298711,94,29.7,-9.73,47.19,3.6
Tonstad,75,NO,1548294600,74,58.66,6.71,33.8,13.87
Kiama,75,AU,1548295200,64,-34.67,150.86,75.2,6.93
Pacific Grove,1,US,1548296100,71,36.62,-121.92,55.4,3.36
Paralimni,92,GR,1548298720,100,40.99,23.67,48.15,5.84
Mandalgovi,0,MN,1548298722,68,45.76,106.27,7.0,10.31
Pangody,56,RU,1548298724,59,65.85,74.49,-6.59,5.17
Shingu,20,JP,1548295200,34,33.72,135.99,50.0,18.34
Henties Bay,8,NA,1548298731,100,-22.12,14.28,60.3,1.03
Montecristi,20,EC,1548295200,83,-1.05,-80.66,78.8,5.82
Ayan,64,TR,1548298735,97,40.67,33.6,31.66,4.38
Lahat,88,ID,1548298737,95,-3.78,103.55,77.58,7.4
Kloulklubed,75,PW,1548298200,70,7.04,134.26,84.2,6.93
Pangai,0,TO,1548298742,100,-19.8,-174.35,80.37,9.75
Mayo,90,CA,1548295200,70,63.59,-135.9,-4.0,2.24
Laukaa,0,FI,1548296400,83,62.42,25.95,-7.6,5.82
Nome,1,US,1548297300,75,30.04,-94.42,41.0,6.93
Douglas,1,US,1548294960,34,31.34,-109.55,41.0,10.29
Kirovskiy,48,RU,1548298753,66,45.09,133.51,10.29,3.6
Cidreira,24,BR,1548298755,85,-30.17,-50.22,74.43,2.71
Fort Nelson,40,CA,1548295200,76,58.81,-122.69,-9.4,2.24
Manta,92,RO,1548298760,96,45.1,24.1,38.7,13.22
Verkhnyaya Inta,68,RU,1548298762,61,65.99,60.32,-7.49,2.59
Davila,20,PH,1548295200,61,18.47,120.58,82.4,12.75
High Rock,92,BS,1548298766,100,26.63,-78.28,76.05,25.97
Garissa,0,KE,1548298769,80,-0.46,39.64,70.83,6.4
Phan Thiet,36,VN,1548298606,82,10.93,108.1,77.4,16.24
Nador,0,MA,1548297000,67,35.17,-2.93,60.8,18.34
Saint-Prosper,88,CA,1548298775,84,46.21,-70.48,20.01,5.17
Cay,0,TR,1548298778,90,38.59,31.03,38.46,10.76
Hay River,20,CA,1548295200,69,60.82,-115.79,-13.0,9.17
Alcoentre,75,PT,1548295200,87,39.21,-8.96,57.2,12.75
Ixtapa,90,MX,1548294300,88,20.71,-105.21,75.2,3.36
Kirakira,56,SB,1548298786,100,-10.46,161.92,84.96,11.21
Tanout,0,NE,1548298788,33,14.97,8.88,57.42,4.05
Sestri Levante,75,IT,1548298200,60,44.27,9.41,41.0,12.75
Isoka,56,ZM,1548298793,92,-10.15,32.64,61.86,3.6
Assen,90,NL,1548296940,85,53.0,6.56,24.8,4.7
Shimoda,75,JP,1548295200,100,34.7,138.93,50.0,13.87
Tura,12,IN,1548298799,75,25.52,90.21,62.73,3.38
Voh,48,NC,1548298802,92,-20.95,164.69,81.12,12.21
Mumford,0,GH,1548298804,93,5.26,-0.76,78.39,6.96
Pitimbu,20,BR,1548295200,78,-7.47,-34.81,78.8,8.05
Puli,20,TW,1548297000,55,23.97,120.97,66.2,14.99
Vila,75,IT,1548298200,86,45.18,8.4,33.8,6.93
Karaidel,48,RU,1548298816,66,55.83,56.91,-0.69,5.73
Santa Rosa,92,AR,1548298821,75,-36.62,-64.29,76.95,15.57
Kahului,90,US,1548296880,69,20.89,-156.47,84.92,10.29
Saint-Francois,90,FR,1548297000,94,46.42,3.91,32.0,10.29
Moose Factory,90,CA,1548295200,85,51.26,-80.61,12.2,4.7
Male,80,UA,1548298648,91,50.74,33.7,18.61,9.42
Wanning,75,AT,1548296400,85,48.64,13.53,24.8,1.12
Nyrob,48,RU,1548298843,74,60.74,56.73,-6.81,9.42
Getulio Vargas,92,UY,1548298847,88,-32.68,-53.55,70.92,11.1
Khandyga,44,RU,1548298849,47,62.65,135.58,-29.13,2.71
Pimentel,48,BR,1548298851,95,-3.7,-45.5,74.7,2.93
Troitskoye,44,RU,1548298854,89,52.98,84.68,11.5,4.16
Oussouye,44,SN,1548298856,87,12.49,-16.54,71.64,12.55
Sulangan,44,PH,1548298858,97,11.14,123.72,79.83,16.46
Honningsvag,80,NO,1548298862,100,70.98,25.97,30.22,12.1
Kayerkan,56,RU,1548298865,68,69.35,87.76,-4.7,3.38
Laguna,5,MX,1548294180,45,27.52,-110.01,64.4,6.93
Mandiana,12,GN,1548298869,50,10.62,-8.7,61.32,5.5
Abha,0,SA,1548295200,76,18.22,42.5,55.4,4.7
Mawlaik,0,MM,1548298874,72,23.63,94.42,66.99,2.93
Buraydah,20,SA,1548295200,87,26.33,43.97,51.8,6.93
Auki,0,NG,1548298878,44,12.18,6.51,60.57,3.94
Xinzhou,8,CN,1548298881,35,38.41,112.73,30.49,3.49
Mohanur,8,IN,1548298883,80,11.06,78.14,71.31,3.04
Petropavlovsk-Kamchatskiy,0,RU,1548297000,52,53.05,158.65,19.4,8.95
Yarega,48,RU,1548298887,65,63.43,53.58,-4.11,6.17
Porto Velho,0,BR,1548298890,89,-8.75,-63.87,78.75,3.27
Bud,88,NO,1548296400,92,62.91,6.91,33.8,6.93
Tacoronte,80,ES,1548297000,87,28.48,-16.41,60.8,8.05
Belle Fourche,90,US,1548297300,79,44.67,-103.85,28.4,16.11
Jacksonville,75,US,1548297300,82,30.33,-81.66,69.08,14.99
Kargasok,88,RU,1548298903,73,59.06,80.87,12.85,4.16
Conceicao do Araguaia,24,BR,1548298810,95,-8.26,-49.26,76.32,4.38
Kieta,48,PG,1548298910,100,-6.22,155.63,79.47,3.71
Antofagasta,75,CL,1548295200,82,-23.65,-70.4,66.2,8.05
Novyy Urengoy,80,RU,1548298914,64,66.08,76.63,-3.62,5.17
Porbandar,0,IN,1548297000,71,21.64,69.61,55.4,6.93
Yenagoa,48,NG,1548298921,94,4.92,6.26,75.87,5.84
Buluang,90,PH,1548295200,83,10.47,123.98,82.4,13.87
Iskateley,56,RU,1548298925,72,67.68,53.15,-2.27,13.11
Pyay,0,MM,1548298929,72,18.82,95.22,74.07,7.96
